,,
,,3568597
,,2696580
,,1414221
,,2334222
,,2416332
,,1871919
,,3573673
,,1114256
,,3160068
,,2320293
,,2235983
,,3472438
,,1822992
,,1869380
,,1592677
,,3061317
,,1514972
,,2687779
,,1945134
,,3472464
,,1867935
,,1908589
,,2346267
,,2419968
,,2750235
,,3162314
,,3514266
,,1410828
,,1453330
,,2748006
,,1911620
,,3184693
,,1510790
,,2743695
,,1868151
,,3510002
,,3062998
,,3471692
,,1110839
,,3060881
,,2338258
,,2006819
,,2735547
,,3470328
,,3472775
,,3572540
,,1522906
,,3571342
,,2646164
,,2236351
,,2414254
,,2692621
,,3147425
,,2281099
,,2236227
,,3242659
,,3176561
,,1499317
,,1824862
,,2238846
,,3181696
,,1496836
,,2689297
,,1509876
,,3155963
,,3512440
,,1411291
,,3060526
,,1933964
,,3517443
,,1593198
,,3158486
,,1826390
,,2826333
,,3185229
,,1125449
,,1941751
,,2415202
,,2826573
,,1513090
,,2695671
,,3558869
,,3180540
,,1934007
,,2283244
,,2830504
,,2651135
,,3062675
,,1922402
,,2649958
,,1451871
,,2750343
,,1594578
,,1827210
,,1414601
,,2276899
,,1823561
,,2277827
,,1118496
,,3470271
,,1934088
,,1590426
,,2277804
,,3059588
,,1534095
,,2692526
,,2238080
,,3556900
,,3515942
,,3573658
,,1925939
,,1184250
,,3155614
,,2234779
,,3108090
,,1413386
,,2648869
,,3144278
,,2750145
,,2689581
,,1823905
,,1824590
,,3571288
,,3474515
,,1410833
,,1508139
,,2322884
,,3238886
,,3472720
,,3511359
,,3471891
,,2415214
,,2646919
,,2278809
,,3107296
,,2284672
,,2827372
,,2358474
,,1523305
,,3107782
,,1117398
,,3184243
,,1125533
,,1609831
,,1949170
,,2943368
,,2758626
,,2828463
,,3238338
,,1532933
,,1119406
,,1116413
,,3175854
,,2347543
,,3155998
,,1950782
,,1210922
,,1213437
,,2648565
,,1526461
,,1122279
,,1454509
,,1411297
,,1908732
,,2356301
,,1862274
,,2283302
,,1521996
,,1457612
,,3180519
,,3471771
,,1935981
,,2965451
,,1538225
,,1536115
,,3060225
,,3559507
,,2526903
,,3470774
,,1415557
,,3186885
,,2149380
,,1454627
,,3059372
,,1822364
,,2003203
,,1454944
,,1178909
,,2006207
,,2005563
,,2418680
,,2277456
,,3473167
,,1411342
,,2418531
,,2831184
,,2827611
,,1938713
,,1497053
,,2650172
,,2273939
,,2278548
,,1945043
,,1509951
,,1825707
,,1511374
,,2763546
,,2006973
,,1824832
,,3107331
,,2827240
,,2006109
,,1179671
,,1936345
,,2415055
,,1824050
,,3472516
,,1183772
,,1525831
,,1180309
,,3241961
,,1122467
,,2745337
,,3516273
,,3062759
,,2688587
,,3178158
,,2418794
,,1412249
,,2746604
,,2334514
,,1181700
,,1458013
,,2320787
,,2646219
,,2648793
,,3369539
,,3155918
,,2322679
,,2128188
,,1590868
,,1909210
,,2357188
,,2649541
,,3489509
,,1123018
,,1112126
,,2332394
,,3242189
,,1536067
,,3492231
,,1840292
,,1497009
,,2686591
,,2345826
,,3176008
,,3100693
,,3509374
,,1951191
,,1120527
,,2006141
,,2668285
,,2743941
,,3238461
,,1942395
,,1117322
,,3240618
,,1937861
,,1935119
,,1742492
,,1120486
,,2735134
,,3510420
,,1940584
,,2768693
,,2007740
,,1842292
,,3572987
,,2769210
,,2237995
,,2276074
,,2769717
,,1839645
,,2115625
,,1121595
,,1824820
,,1539160
,,2358002
,,3518236
,,2763311
,,2415886
,,2351103
,,2665067
,,2687510
,,2939491
,,3509627
,,2321564
,,3510323
,,1590684
,,1178902
,,3175036
,,2769208
,,1509683
,,3573092
,,2746016
,,3519299
,,3105160
,,2691926
,,2280697
,,1870715
,,3186084
,,1428148
,,3102389
,,2345801
,,2746460
,,2322259
,,2332618
,,2748703
,,1536783
,,1181643
,,2281511
,,3182182
,,1428244
,,2351005
,,2646110
,,2765112
,,2097447
,,3568539
,,2252761
,,2257193
,,1942493
,,2694318
,,2005580
,,1872758
,,1946627
,,2284591
,,1939987
,,2335586
,,2771926
,,3076629
,,3081205
,,3473536
,,2772944
,,1941637
,,2685849
,,2277995
,,1942615
,,1179375
,,1279080
,,2772366
,,3470584
,,1841616
,,1872175
,,2772865
,,2747823
,,2349378
,,1921273
,,3186248
,,2749802
,,2347615
,,1944356
,,1200070
,,2144298
,,1450754
,,1534182
,,2646536
,,1936616
,,3558644
,,2763749
,,3175186
,,2770826
,,2735764
,,2360728
,,1950554
,,1110680
,,3171680
,,2732787
,,2280153
,,1412221
,,2338118
,,3175985
,,1413332
,,1921416
,,3555993
,,3060341
,,1120353
,,3104405
,,2356680
,,1508477
,,2745588
,,1922089
,,1498441
,,2347144
,,1119701
,,1118402
,,2321608
,,1911777
,,3162213
,,1113563
,,1920180
,,3179755
,,2843828
,,1924659
,,1112157
,,1908415
,,1526665
,,3171850
,,1925314
,,2551063
,,3568082
,,1528757
,,2744111
,,3558275
,,1920494
,,1921576
,,2357792
,,3156782
,,3183265
,,2748185
,,3155477
,,1522054
,,2732985
,,3144723
,,3175387
,,2827199
,,3184382
,,1212498
,,1944180
,,3103790
,,1592831
,,1590334
,,3177507
,,2347895
,,2650717
,,2003178
,,1867316
,,2734967
,,2648911
,,1934234
,,2650223
,,2648889
,,2668535
,,3107475
,,3174143
,,2353438
,,2281472
,,1509991
,,2419831
,,1869166
,,1532353
,,2757667
,,2418025
,,3557533
,,1523805
,,1822880
,,2745353
,,1533080
,,2008387
,,2256246
,,3101704
,,2826851
,,1863351
,,2651050
,,1123085
,,3161745
,,1458637
,,1920649
,,1936090
,,2688454
,,1942886
,,3098650
,,1122956
,,1924075
,,3513456
,,2694789
,,3106699
,,3105390
,,2347740
,,1119996
,,2664843
,,1842600
,,2251910
,,2694900
,,1455233
,,2691707
,,2734449
,,2693842
,,1534248
,,3487612
,,2693527
,,1871079
,,2731943
,,1509331
,,3075237
,,2354257
,,2773650
,,1531760
,,2282476
,,3156156
,,2768026
,,3570372
,,2664519
,,2017637
,,1733015
,,1115372
,,1110573
,,2358058
,,1512348
,,3572240
,,3177173
,,2337175
,,2417018
,,1523613
,,1926373
,,3162155
,,2747141
,,2251623
,,1926188
,,2772542
,,3175882
,,1454316
,,1119321
,,2763357
,,2356134
,,3186793
,,2771568
,,3097782
,,2691288
,,2357152
,,2361343
,,2744524
,,1115165
,,2768320
,,3489771
,,2733567
,,1459364
,,3517809
,,3571539
,,1536699
,,1715861
,,2662598
,,2694497
,,1185334
,,1117624
,,3105374
,,2829411
,,2335794
,,3181780
,,1529371
,,1526802
,,3174372
,,3568087
,,1178928
,,2320352
,,1935900
,,3169356
,,3488599
,,1921268
,,1524975
,,1510512
,,2347463
,,2733310
,,2685981
,,2238120
,,2323980
,,3078286
,,3061113
,,1111323
,,3348938
,,3237863
,,1591839
,,2764266
,,2769049
,,1125590
,,1210864
,,1508342
,,1124180
,,2762515
,,3176447
,,2350443
,,2760905
,,3060535
,,3061698
,,2417592
,,3170113
,,2765337
,,3156935
,,2333435
,,1935803
,,1120540
,,1513895
,,3510143
,,3177902
,,3059556
,,3161750
,,2688291
,,2346551
,,2360784
,,1871671
,,1923401
,,3169608
,,2334938
,,1935075
,,2332283
,,1938835
,,1123496
,,2761373
,,3179222
,,3185348
,,3557700
,,3180970
,,1865546
,,2349881
,,2005340
,,2237597
,,2769498
,,2765020
,,3162138
,,1184551
,,1509325
,,1112332
,,1865514
,,2449334
,,3238506
,,3144380
,,2283106
,,1938612
,,1127237
,,3472273
,,2357969
,,2351416
,,2731970
,,3105250
,,2968281
,,2767080
,,2273844
,,3474672
,,1121477
,,3569595
,,1869502
,,1126322
,,1455877
,,3158969
,,3186413
,,1450829
,,3520282
,,1513542
,,1112763
,,1117916
,,2750094
,,1924068
,,2446831
,,1529835
,,1524752
,,2275885
,,2769595
,,2772608
,,3099278
,,1863561
,,1539355
,,1538216
,,1943010
,,1935827
,,2004315
,,2745972
,,2362229
,,3509719
,,1508055
,,2761789
,,3161265
,,1943488
,,2284755
,,1949224
,,1946921
,,1948796
,,2335694
,,3179831
,,3172785
,,3182736
,,1717234
,,2747513
,,2353071
,,2649622
,,3144635
,,3182530
,,3171465
,,1826265
,,1125046
,,2769348
,,3146040
,,3161302
,,3074468
,,3159919
,,2748400
,,2646549
,,2734508
,,2750007
,,2747714
,,2348001
,,1532612
,,1592957
,,1526431
,,1533917
,,3184159
,,3176059
,,3373665
,,3511175
,,3570105
,,3157712
,,2766783
,,2758643
,,3147063
,,2769969
,,3099929
,,3162078
,,2694364
,,2356281
,,2692984
,,2732999
,,2355174
,,2347678
,,2238583
,,1948620
,,1944579
,,3569739
,,1710407
,,1538819
,,1610447
,,3107058
,,2356223
,,2750220
,,2023225
,,2278372
,,1946258
,,2331698
,,1433598
,,1450236
,,1459354
,,1533690
,,1924874
,,1522565
,,1865391
,,2761944
,,2358314
,,2750455
,,2359446
,,2747073
,,2667804
,,1529020
,,1455920
,,1118281
,,1511173
,,1184524
,,2283156
,,1945261
,,2236483
,,2336353
,,1934077
,,2236779
,,1949450
,,2274256
,,3185959
,,3238329
,,1528357
,,2766507
,,2770213
,,3101242
,,2419816
,,2651110
,,2282661
,,3572174
,,3567941
,,3175563
,,1514739
,,1870364
,,1539001
,,2762537
,,2772942
,,2973685
,,2356063
,,2551148
,,3178362
,,3170995
,,2323087
,,1412271
,,1111665
,,1115465
,,1183836
,,1921864
,,1922640
,,1532112
,,1532864
,,2945949
,,2767397
,,3186809
,,3170341
,,3514861
,,1124488
,,2765433
,,2768989
,,3103303
,,1866087
,,2734705
,,2694100
,,1538943
,,3261420
,,1943757
,,1944329
,,1414154
,,1498446
,,1454831
,,1124140
,,2747391
,,2664303
,,2826272
,,2759517
,,2858230
,,1525120
,,1531186
,,3474411
,,3573441
,,3171050
,,1509227
,,1457814
,,1498034
,,1113180
,,2695928
,,2277094
,,3061988
,,3172572
,,3176334
,,1824791
,,1524475
,,1534767
,,1826693
,,1433429
,,1513605
,,1117392
,,2357584
,,2358611
,,2649520
,,2735404
,,3080060
,,3104861
,,1934926
,,2282257
,,1871387
,,3185264
,,1864388
,,1595034
,,1415576
,,1427614
,,1122260
,,1113000
,,2762623
,,2648027
,,2648293
,,2693525
,,3184610
,,3513620
,,3569406
,,3172179
,,3173503
,,1935125
,,2008255
,,2005590
,,1862651
,,1864219
,,1537614
,,1864280
,,1514563
,,2759016
,,3157447
,,3062335
,,2773100
,,2744989
,,2356406
,,2350369
,,2352598
,,3186029
,,3488706
,,3172058
,,1948267
,,2282680
,,2334912
,,2334238
,,2334377
,,1943879
,,2336236
,,1825879
,,1924028
,,1921731
,,1535012
,,1921744
,,1459015
,,1510812
,,1116546
,,2357036
,,2566349
,,2351806
,,2357606
,,2524553
,,2360139
,,2766235
,,3102549
,,3104604
,,3518450
,,3171428
,,3170838
,,2337970
,,2277859
,,1946769
,,1451130
,,1126349
,,1413833
,,1411355
,,1112587
,,1509037
,,1922422
,,1865765
,,2733859
,,3573854
,,2646998
,,2420172
,,2521898
,,2749387
,,2692086
,,2350103
,,3255876
,,3177512
,,3180284
,,3557066
,,3180817
,,3184197
,,2321118
,,2331745
,,2772924
,,3102636
,,3161420
,,3100030
,,1122181
,,1510020
,,1454051
,,1116920
,,2746161
,,3176727
,,3558988
,,2747057
,,2695385
,,2127646
,,1948158
,,2336254
,,1936241
,,2251818
,,3144948
,,2767178
,,3157103
,,2758320
,,1923240
,,1867270
,,1920841
,,1843077
,,1452819
,,1124106
,,1512403
,,1410636
,,1126676
,,1455774
,,3184912
,,3176557
,,3256892
,,3172459
,,3567762
,,2350515
,,2361280
,,2283133
,,2331867
,,3146396
,,3098806
,,3108207
,,1123053
,,1866784
,,1534353
,,1533319
,,3172709
,,3510111
,,3567824
,,2687439
,,2355433
,,2747239
,,2648331
,,2359176
,,1943758
,,2337492
,,3099183
,,3061097
,,2830144
,,3079660
,,1120070
,,1460598
,,1110843
,,1460320
,,1113801
,,3174079
,,1872987
,,2747604
,,2361152
,,2667875
,,2749794
,,2748751
,,2352461
,,3103456
,,3159373
,,2829765
,,2320831
,,1944160
,,2111404
,,1513145
,,1111904
,,1454264
,,1178563
,,1267706
,,1126077
,,1508982
,,1413169
,,3171656
,,3567578
,,3513238
,,3567879
,,1908740
,,1536380
,,2353807
,,2693269
,,2734127
,,2351112
,,2667366
,,2946138
,,2768696
,,2275623
,,1948278
,,1941015
,,2279832
,,1934912
,,1933914
,,1315464
,,1415411
,,1451509
,,1121996
,,1118419
,,3237879
,,3180434
,,3180737
,,3474482
,,3182002
,,1920689
,,1824365
,,1537972
,,1867126
,,1531483
,,1523183
,,3107010
,,2357742
,,2361492
,,1940847
,,1453800
,,1460818
,,1120551
,,3558555
,,3172472
,,3107036
,,2773865
,,2770526
,,2847566
,,2346161
,,2360593
,,1823840
,,1529128
,,1870476
,,1909228
,,2282972
,,1946397
,,1934568
,,1949693
,,1511901
,,1509688
,,1511290
,,1413307
,,3174212
,,3172505
,,3245020
,,3573252
,,2769978
,,2767043
,,2696673
,,1594193
,,1530339
,,1872292
,,2336551
,,2235482
,,1948952
,,2252858
,,1184290
,,1122074
,,1121636
,,3511515
,,3386590
,,3472213
,,3470144
,,3514430
,,2765140
,,2763747
,,3146687
,,2929888
,,2358553
,,1534656
,,1921458
,,1946727
,,1944567
,,2236547
,,2282236
,,1943314
,,3519751
,,3572743
,,1430182
,,1511656
,,1458068
,,2685886
,,2686421
,,2749839
,,2747891
,,2748175
,,2345818
,,1922269
,,1523278
,,1926569
,,3180498
,,3170235
,,3184080
,,1450138
,,2765596
,,2828363
,,2761906
,,2766444
,,3101928
,,2733162
,,2750051
,,2351429
,,2747426
,,2747526
,,2346207
,,2689429
,,2749759
,,1926443
,,1531206
,,1920121
,,3184200
,,3567995
,,3557790
,,3242513
,,1113556
,,2234681
,,1940255
,,2337196
,,2002413
,,1941161
,,3059620
,,2766128
,,2829809
,,2760041
,,3155688
,,2772508
,,2827644
,,2766678
,,2362910
,,2692711
,,2746029
,,2357389
,,2540881
,,2347712
,,1537232
,,1592135
,,1862078
,,1526638
,,1824757
,,1523558
,,3179212
,,3520195
,,1411372
,,1194581
,,1454043
,,1499602
,,1297449
,,1122339
,,2333870
,,2252267
,,1942188
,,3155695
,,3158258
,,3098527
,,2359483
,,2362974
,,2355564
,,2689419
,,2349865
,,2733405
,,2346264
,,1922391
,,1533758
,,1774550
,,1864770
,,1909267
,,1595232
,,3364128
,,3519588
,,3473740
,,3514944
,,1939642
,,1935373
,,2007058
,,2763904
,,2758544
,,2768385
,,2771172
,,2746819
,,2646841
,,2349471
,,2346348
,,3471133
,,3470894
,,3515622
,,3170972
,,3488900
,,3179370
,,1911509
,,1926683
,,1496471
,,1456458
,,1121022
,,1123612
,,1411685
,,1117014
,,1114900
,,1112843
,,1112040
,,2916616
,,3103843
,,1936093
,,2332164
,,1946982
,,2321356
,,2250843
,,2351658
,,2350421
,,3180603
,,3473424
,,3173591
,,3178037
,,3185537
,,3570876
,,3512178
,,3557685
,,3173501
,,3493004
,,3172489
,,1923766
,,1909039
,,1114429
,,1413642
,,1119423
,,1111353
,,3147642
,,3079130
,,2768244
,,2323184
,,2235782
,,2336743
,,2336176
,,2238599
,,2691514
,,2667970
,,2416752
,,2732921
,,2358138
,,3176001
,,3178638
,,3244781
,,3515273
,,3511461
,,1523612
,,1110403
,,1110907
,,1113850
,,1427983
,,1413051
,,1512870
,,1843646
,,1526918
,,1522170
,,1524096
,,1924553
,,1538192
,,3058879
,,3157944
,,2760258
,,1936097
,,1940216
,,1948074
,,2280959
,,2360900
,,3517253
,,3172966
,,3181286
,,3555633
,,3183264
,,1511210
,,1114924
,,1413014
,,2762214
,,2762906
,,3104385
,,3158245
,,2771708
,,1921248
,,1523920
,,1537547
,,1534651
,,1923567
,,1942587
,,1942958
,,2320758
,,2647182
,,2361164
,,2362345
,,3173541
,,3558211
,,3099358
,,3161719
,,1126774
,,1514908
,,1213510
,,1513625
,,1530927
,,1534717
,,1842782
,,2350054
,,2321799
,,2336324
,,2236963
,,2338398
,,1942740
,,3174385
,,3511026
,,3518548
,,3171766
,,3170752
,,3569150
,,2826955
,,3080779
,,3060612
,,3156599
,,2760995
,,1118067
,,1110203
,,1211112
,,1451997
,,1498273
,,1112484
,,1181678
,,1866948
,,1522653
,,1530273
,,1869005
,,2696239
,,2358767
,,2732653
,,2665075
,,1943822
,,2284284
,,3517830
,,3174704
,,3185213
,,3177458
,,2766047
,,2767684
,,3062957
,,3157422
,,1181932
,,1121102
,,1514784
,,1452199
,,1459056
,,1526277
,,1826379
,,1866152
,,1532445
,,1537924
,,1910081
,,1923282
,,2744252
,,2748257
,,2353425
,,2749158
,,2690640
,,3517764
,,3558043
,,3570974
,,3171282
,,1939864
,,1939525
,,3105452
,,2774846
,,3098298
,,2771879
,,2765808
,,1431314
,,1430074
,,1125725
,,1179700
,,1124509
,,2744495
,,1524699
,,1676312
,,1910793
,,1522355
,,1908480
,,1530418
,,1923859
,,1924619
,,1538592
,,2362029
,,2361151
,,2419631
,,2362117
,,2746487
,,3472960
,,3183900
,,3177423
,,3170555
,,2256972
,,2323105
,,2236092
,,2323161
,,2106228
,,1940625
,,1950064
,,1945637
,,2277275
,,1941823
,,2334805
,,2277624
,,2274576
,,2763097
,,3146861
,,3146883
,,2768664
,,2758863
,,3157212
,,2766679
,,1411323
,,1512650
,,1513948
,,1117370
,,1112067
,,1510488
,,1121873
,,1412947
,,3516181
,,1529734
,,1535737
,,1528748
,,1533418
,,1524115
,,1537664
,,3186165
,,3171567
,,3555680
,,3509355
,,2748885
,,2349314
,,2446589
,,2688211
,,2336723
,,2238196
,,2237332
,,2334154
,,1936266
,,2335789
,,3099702
,,3074466
,,2771427
,,2762460
,,3061432
,,1124153
,,1510604
,,1112249
,,1510629
,,1211690
,,1116896
,,3180242
,,3512839
,,3559476
,,3243476
,,3186221
,,3519100
,,3516789
,,3182683
,,1590913
,,1530317
,,1926023
,,1535124
,,1870144
,,2418015
,,2774410
,,2760809
,,2762805
,,2828289
,,3098458
,,1941042
,,1934565
,,2279868
,,1937405
,,1942268
,,1943915
,,2275764
,,2238278
,,1936025
,,2273839
,,1934937
,,2323880
,,1181835
,,1428554
,,1122863
,,1514514
,,1115610
,,1513465
,,1112751
,,1314156
,,1454730
,,3180024
,,3473989
,,3178263
,,3185527
,,3171581
,,3179620
,,3178021
,,3177288
,,2418859
,,2694842
,,2749115
,,2415675
,,2354145
,,2735544
,,1863929
,,1593652
,,1911472
,,1539223
,,1864646
,,2760833
,,2930031
,,3100202
,,3102597
,,3143921
,,3102788
,,2758800
,,2771299
,,2774283
,,1950663
,,1940532
,,1939867
,,1944974
,,1947096
,,2321731
,,1945148
,,1116201
,,1451100
,,1510985
,,1116238
,,1512831
,,1116294
,,1513971
,,1453591
,,1126738
,,3470139
,,3487942
,,3567405
,,3170516
,,3512689
,,3184084
,,2692510
,,2345863
,,2745191
,,1842604
,,1525897
,,1538587
,,1920461
,,1842325
,,1524767
,,2359172
,,2687134
,,2748878
,,2352023
,,2346651
,,2649013
,,2349461
,,2357062
,,2358233
,,2357790
,,2734279
,,2749522
,,2759821
,,2775086
,,3058217
,,2761018
,,3160366
,,3158620
,,2758828
,,2769525
,,3076389
,,3155961
,,2770524
,,3100113
,,1944911
,,2280430
,,2283919
,,1945522
,,2006861
,,1938353
,,1938858
,,2331985
,,2234848
,,2119894
,,1948816
,,2283625
,,2284407
,,2338571
,,2275865
,,2334172
,,2279851
,,2283847
,,1123953
,,1125405
,,1511370
,,1499421
,,1278824
,,1511563
,,1428857
,,1411131
,,1454384
,,1458272
,,1122692
,,1411221
,,1508362
,,1126179
,,3381533
,,3177939
,,3182112
,,3473185
,,3558127
,,3469782
,,3239606
,,3470067
,,1839402
,,1603574
,,1538197
,,1524259
,,1535891
,,1674774
,,1524715
,,1530275
,,2748905
,,2356826
,,2696583
,,2746634
,,2355813
,,2687931
,,2747301
,,2748809
,,2747478
,,2349036
,,2355477
,,2663631
,,2743822
,,2362512
,,2691522
,,2734213
,,2363021
,,2746639
,,3106224
,,3061616
,,3104602
,,3077429
,,2826399
,,2765927
,,3061087
,,2764385
,,2773178
,,3146139
,,3058240
,,3103608
,,2005720
,,1948275
,,2322922
,,1933835
,,1947890
,,2276679
,,2282914
,,2238108
,,1938741
,,2322346
,,1936721
,,1120519
,,1119058
,,1509205
,,1513743
,,1124937
,,1513216
,,1513665
,,1121233
,,1512027
,,1121763
,,1110608
,,1127616
,,3269356
,,3556924
,,3567760
,,3173555
,,3174701
,,3180496
,,3183878
,,3170112
,,3177914
,,3183050
,,3181724
,,2418755
,,2566865
,,2749496
,,2648476
,,2359284
,,2353114
,,2733408
,,2694555
,,2348170
,,2417490
,,2355540
,,2503181
,,2695356
,,2686226
,,1925644
,,1522579
,,1532263
,,1538072
,,1535306
,,1538567
,,1530860
,,1866832
,,1842254
,,1539155
,,1921813
,,1923114
,,1924832
,,3159911
,,3155420
,,2774857
,,3158815
,,3100732
,,2770812
,,2767221
,,2762472
,,3146636
,,3162128
,,3159646
,,2005857
,,1946884
,,1939441
,,1938464
,,1949396
,,1937913
,,1946546
,,2277636
,,2275772
,,2335077
,,1450488
,,1119937
,,1428100
,,1111557
,,1123774
,,1510312
,,1115583
,,1110182
,,1118070
,,1121204
,,1289104
,,1111741
,,1456910
,,1499506
,,1127650
,,1119189
,,1180907
,,1125192
,,1429082
,,3172154
,,3377395
,,3173104
,,3514833
,,3176546
,,3569072
,,3474290
,,3470791
,,3567280
,,3176795
,,3272727
,,3511417
,,1908501
,,1826476
,,2745693
,,2361124
,,2689686
,,2750353
,,2734633
,,2745304
,,2417828
,,2687280
,,2533935
,,2668993
,,2361065
,,2693175
,,2743689
,,2525841
,,2363004
,,2352497
,,2746599
,,1924904
,,1537533
,,1537371
,,1925142
,,1529695
,,1869376
,,1868025
,,1872873
,,1871700
,,1605578
,,1871994
,,1866733
,,1926315
,,1839117
,,1924633
,,1926102
,,2774818
,,3143834
,,2757979
,,3059675
,,3157508
,,3059768
,,3102556
,,2773299
,,2760906
,,2773336
,,3155867
,,2007196
,,1945257
,,2338020
,,1939207
,,1946685
,,2235756
,,1943158
,,1942287
,,2283698
,,1950300
,,2337954
,,2280949
,,1943935
,,1939947
,,1458337
,,1499099
,,1292323
,,1453405
,,1124764
,,1452436
,,1180433
,,1113448
,,1180520
,,1512906
,,1212781
,,2689580
,,3571602
,,3519604
,,3173119
,,3510070
,,3470611
,,3491147
,,3238563
,,3170668
,,3171047
,,3185195
,,3489055
,,3474161
,,3569156
,,3489574
,,2416777
,,2746020
,,2350205
,,2361114
,,2349997
,,2357434
,,2415277
,,2689440
,,2529799
,,2349484
,,2347258
,,2735762
,,3059722
,,3059647
,,3079574
,,3101314
,,2770050
,,3076876
,,3146884
,,2826545
,,3160461
,,3103329
,,3101635
,,2759566
,,2769542
,,2763914
,,2768741
,,2765158
,,2767357
,,2767870
,,2773382
,,2943817
,,1921168
,,1872883
,,1926039
,,1524684
,,1531091
,,1529533
,,1532108
,,1528219
,,1869383
,,1862606
,,1592992
,,1743989
,,1920943
,,1934082
,,1941503
,,2277839
,,2337760
,,2278235
,,2004730
,,1938114
,,2320763
,,1945790
,,1946124
,,1946910
,,2275074
,,1942014
,,2335388
,,2322053
,,2255328
,,1939111
,,1938658
,,2278596
,,2019954
,,2333949
,,1939060
,,2251203
,,1513631
,,1454227
,,1433291
,,1113913
,,1119778
,,3472110
,,3108149
,,2354199
,,2745033
,,2414838
,,2346054
,,2350334
,,2748551
,,2649437
,,2347574
,,2351636
,,2360729
,,2748173
,,2694843
,,2734802
,,3473145
,,3569945
,,3176717
,,3519372
,,3515193
,,3178501
,,3186016
,,3173068
,,3174048
,,3520231
,,2760834
,,1864821
,,2770336
,,3156568
,,2762666
,,2774652
,,3158630
,,2763862
,,3100589
,,2831634
,,1925058
,,1533165
,,1872772
,,1523756
,,1529930
,,1523708
,,1867834
,,1920158
,,1845577
,,1523067
,,1530879
,,1867484
,,1840945
,,1845123
,,1925982
,,1940283
,,2332338
,,2332258
,,2279565
,,1460930
,,1180172
,,3059962
,,3470053
,,3185207
,,3517796
,,3512685
,,2692482
,,2357101
,,2359196
,,2650879
,,2764926
,,2773114
,,1840269
,,1921233
,,2278742
,,2338518
,,1497577
,,1127502
,,1452449
,,1188625
,,1413979
,,1113113
,,2767671
,,2746104
,,2347982
,,2649660
,,3512973
,,3180685
,,3574066
,,3098428
,,3075109
,,2762946
,,2235313
,,2275393
,,1944827
,,2275550
,,1457421
,,1431319
,,1453978
,,3240539
,,2764331
,,2650175
,,2417640
,,2648788
,,1924120
,,1870339
,,1924707
,,1864448
,,2274291
,,2279535
,,2333516
,,2337132
,,1122498
,,1271232
,,3557103
,,3517731
,,3571349
,,2772494
,,3076282
,,3157683
,,3060806
,,2744475
,,2691128
,,2351498
,,2356255
,,2418194
,,1910342
,,1524407
,,1870746
,,1590942
,,1534725
,,1823953
,,1862350
,,1453450
,,1935439
,,1938573
,,3568505
,,3471881
,,1498084
,,1122438
,,1411726
,,3100866
,,2650061
,,2420166
,,2748826
,,2686280
,,1524660
,,1844845
,,1920209
,,1533232
,,1843295
,,1869619
,,1823635
,,2322352
,,1451787
,,3146771
,,3160430
,,3146726
,,2767724
,,2771380
,,2766000
,,2772203
,,2765634
,,3240243
,,3170596
,,3510418
,,3238887
,,3171473
,,2662774
,,2356238
,,2651031
,,1865206
,,1922316
,,1531447
,,1869771
,,1825984
,,1842638
,,2235236
,,2100096
,,1940768
,,1937085
,,1942971
,,1940012
,,1413131
,,1303781
,,1509588
,,1451573
,,3492041
,,2762879
,,2857413
,,3078361
,,3105013
,,2759152
,,3102088
,,2419257
,,2668192
,,2345945
,,2688129
,,2556496
,,2749848
,,2749678
,,2667652
,,2693892
,,2417933
,,2358843
,,1910411
,,1867103
,,1926010
,,1841820
,,1870123
,,1844514
,,1432395
,,1456454
,,1430597
,,1498430
,,1126173
,,1181798
,,1120944
,,1116021
,,1410610
,,1509338
,,1947075
,,2255974
,,2279222
,,3239904
,,3171082
,,3184535
,,3569453
,,3518056
,,3185241
,,3108069
,,3060273
,,3099143
,,2692678
,,2352059
,,2416877
,,2732980
,,2667516
,,2418923
,,2693573
,,1673047
,,1610383
,,3515127
,,3470215
,,3179021
,,3179195
,,3569903
,,1184121
,,1116372
,,1511472
,,1458796
,,2275844
,,2332868
,,3107958
,,3059714
,,2825904
,,2534313
,,2686191
,,2664970
,,2749673
,,1871405
,,1871289
,,1607842
,,1526475
,,1864319
,,1865580
,,1925973
,,1498121
,,1412552
,,1415588
,,1125712
,,1510665
,,1459847
,,1180496
,,1120756
,,1945506
,,2278924
,,2254559
,,2282359
,,2235459
,,2280120
,,2250847
,,3102575
,,3147232
,,2770292
,,3146737
,,3157320
,,3511360
,,3473598
,,3177971
,,3510826
,,3514264
,,2687561
,,2358763
,,2668388
,,2546346
,,2745357
,,2746720
,,2356716
,,1863170
,,1872675
,,1841176
,,1911515
,,1523082
,,1824021
,,1920176
,,1920460
,,1525307
,,1593909
,,1824881
,,1924632
,,1868164
,,1823425
,,2337515
,,1942943
,,1456224
,,1455080
,,1124228
,,1497865
,,1411650
,,1113955
,,2912309
,,2826735
,,2775129
,,3567748
,,3181313
,,3170730
,,3489222
,,3518723
,,3572107
,,3573478
,,3473560
,,2352948
,,2358796
,,2689059
,,2347431
,,2346346
,,1591801
,,1865426
,,1683522
,,1523085
,,1865817
,,1924865
,,1539419
,,1593735
,,1527673
,,1867635
,,1114239
,,1456853
,,1514483
,,3509625
,,3099035
,,2768414
,,2772456
,,2826303
,,3155812
,,3518562
,,3516484
,,3172323
,,3183568
,,1935224
,,2106784
,,1936952
,,2235997
,,2734184
,,2649182
,,2358536
,,2355772
,,2745076
,,2662625
,,2695541
,,2688575
,,2744604
,,2746454
,,1865672
,,1827100
,,1459468
,,1823437
,,1909595
,,1822462
,,1871585
,,1822968
,,1528721
,,1867703
,,1826541
,,3160915
,,2981351
,,3161277
,,3471065
,,3176951
,,3556974
,,3568881
,,3569329
,,2745107
,,2348523
,,2235744
,,2276208
,,2647457
,,2748853
,,2647157
,,2646696
,,1509994
,,3145286
,,3103655
,,1457618
,,1921948
,,3186400
,,1120900
,,1431534
,,1113148
,,1126415
,,1411901
,,3061183
,,3060855
,,3106188
,,3062660
,,3156120
,,2235824
,,1920459
,,1926372
,,1922156
,,1592827
,,3474720
,,3474706
,,3238974
,,3170629
,,3518519
,,2282221
,,2238077
,,2745368
,,2650068
,,2360286
,,2418019
,,2747009
,,2743973
,,2761781
,,3101538
,,2831080
,,1411054
,,1513257
,,2749401
,,1119770
,,1183336
,,1453726
,,1122378
,,1124678
,,1183859
,,2321876
,,1933933
,,2238352
,,2332711
,,1824570
,,1910441
,,1826094
,,2649237
,,2747558
,,2690620
,,2746385
,,2733437
,,3170684
,,3556891
,,3556871
,,2829098
,,1415168
,,1183969
,,1120725
,,1950499
,,1946058
,,2332967
,,1946600
,,2283935
,,3571098
,,1845376
,,1822472
,,1921651
,,1922564
,,2650547
,,2746002
,,2648393
,,2691955
,,2650846
,,2750304
,,2686746
,,3173626
,,3518586
,,3520317
,,3567354
,,3186362
,,3474084
,,3108219
,,3058129
,,3099792
,,2774110
,,3160467
,,2759160
,,3161769
,,1508402
,,1412334
,,2004135
,,1822442
,,1499805
,,1411724
,,1413787
,,1110804
,,1110383
,,1115641
,,1460345
,,3486960
,,3567829
,,2336042
,,2336259
,,1941639
,,2336500
,,2235385
,,1522800
,,1866253
,,1524581
,,1925571
,,1864429
,,1822594
,,1924356
,,1922347
,,2746087
,,3573421
,,3181305
,,3171388
,,3513571
,,3172639
,,3474788
,,3473931
,,2744505
,,2690529
,,2648511
,,2359015
,,2746916
,,2414924
,,2419927
,,2686795
,,2767670
,,3160572
,,3158610
,,1410994
,,1508188
,,1456964
,,1112830
,,1458311
,,1329085
,,1934967
,,2281208
,,1945667
,,2006779
,,2282307
,,2007589
,,1920245
,,1823279
,,1841726
,,1822625
,,1533307
,,1527791
,,1593407
,,1823476
,,1823893
,,1920263
,,1824704
,,3568715
,,3514380
,,2362568
,,2687709
,,2346202
,,3076369
,,2333488
,,1513405
,,1183332
,,1456334
,,3179664
,,3516666
,,3178205
,,1926261
,,1539108
,,1537012
,,1844868
,,2696148
,,2744405
,,3162033
,,2826001
,,3146712
,,2764748
,,3103670
,,3103075
,,1299648
,,1934544
,,2322457
,,2238658
,,2234809
,,2279780
,,1947881
,,3178483
,,3178085
,,3178107
,,1536220
,,1871978
,,1683732
,,1920875
,,1865338
,,2358618
,,2734905
,,3159640
,,3159773
,,2768910
,,2773511
,,1497002
,,1182635
,,1124020
,,1414022
,,1118304
,,1112144
,,1412846
,,1457061
,,2283181
,,2334110
,,1948127
,,2322224
,,2274157
,,2331743
,,1951440
,,2337263
,,3185370
,,3517393
,,3184187
,,3179929
,,3357491
,,3573986
,,3178121
,,3515849
,,2350611
,,1866633
,,1530733
,,1523310
,,1922555
,,1844253
,,1531861
,,1911201
,,2361859
,,2691191
,,2694085
,,2758053
,,3158024
,,2760127
,,2859158
,,2761020
,,3060521
,,2765650
,,2970403
,,2274043
,,2234491
,,2337969
,,2278547
,,2322700
,,3269427
,,1454165
,,1125603
,,1122337
,,1113467
,,1414557
,,1454629
,,1512844
,,1427234
,,1453312
,,3240538
,,3474274
,,3178264
,,3169779
,,3179515
,,2696656
,,1529079
,,1528738
,,1924438
,,2691248
,,3519408
,,3360476
,,1864226
,,2419531
,,2918820
,,2236883
,,2236491
,,1460943
,,1183110
,,3241008
,,3519970
,,1872277
,,1869753
,,3058464
,,2696313
,,2515788
,,1514851
,,1512149
,,2334042
,,3157634
,,1939227
,,1180906
,,2831121
,,3512375
,,2332467
,,2278340
,,1412702
,,3517837
,,3516041
,,2765376
,,3100696
,,1840174
,,1595668
,,2743738
,,2416083
,,2415628
,,1451214
,,1122710
,,2235825
,,2828092
,,3157034
,,3171156
,,1822401
,,1871563
,,3186751
,,2237435
,,2769951
,,3511649
,,3486396
,,3176734
,,1934194
,,3097743
,,1863905
,,1868895
,,2321032
,,3512806
,,3519747
,,2512706
,,1921149
,,3147080
,,2773189
,,1712088
,,1921861
,,1428482
,,1944842
,,2770312
,,2273996
,,1937208
,,1694172
,,2748834
,,1921030
,,1525074
,,3100542
,,3243068
,,3513060
,,3515353
,,3572470
,,3102094
,,2282974
,,1870008
,,1532819
,,1522122
,,1592130
,,2692540
,,2690538
,,1412198
,,3242101
,,2763494
,,3158478
,,2862206
,,3343509
,,3186894
,,3342182
,,2283717
,,2691936
,,2420120
,,2688453
,,1430061
,,2829045
,,3510328
,,2274990
,,2280880
,,1941391
,,2279537
,,2523175
,,2351958
,,2356799
,,2419592
,,2690290
,,3518848
,,2827522
,,3158416
,,1212271
,,1499613
,,1868261
,,1872348
,,1696853
,,2515035
,,2414563
,,2347079
,,1180966
,,1455391
,,3076886
,,3516770
,,3333158
,,3473343
,,3572580
,,3516154
,,1870427
,,2417834
,,1864984
,,2360425
,,2732040
,,2974819
,,2969135
,,3104528
,,3101713
,,3062574
,,1459453
,,1457233
,,3570442
,,3472930
,,3514997
,,3490492
,,1839110
,,1844162
,,2417507
,,2415762
,,2420306
,,1509554
,,3060070
,,1112407
,,3568264
,,3183733
,,3170549
,,1939820
,,2006019
,,2416475
,,3243425
,,3570613
,,2284362
,,2415738
,,1525101
,,1412231
,,3516578
,,2278183
,,2420032
,,3106847
,,1872215
,,1921071
,,2003371
,,2235767
,,3062091
,,2828925
,,1870453
,,1870874
,,1826799
,,3106400
,,1124297
,,2003113
,,2346636
,,1125899
,,2277104
,,2281523
,,1867535
,,1451031
,,1451652
,,2280307
,,2826439
,,1868728
,,1865190
,,1945126
,,3516312
,,3519088
,,3237852
,,2828113
,,2274880
,,3105165
,,2829891
,,2744622
,,2415434
,,2734242
,,1180412
,,1592689
,,1868904
,,2828552
,,3513180
,,2002588
,,3569796
,,2768133
,,3100543
,,3175423
,,1111628
,,3558653
,,3567652
,,3238633
,,2770468
,,3158156
,,2415592
,,2696009
,,1910764
,,3181762
,,3567485
,,2693603
,,2415683
,,1909955
,,3473300
,,1526454
,,2234606
,,2237998
,,2828372
,,2690060
,,2827892
,,3170677
,,2278506
,,2416038
,,3243685
,,2692872
,,2416063
,,3060710
,,3097661
,,2415814
,,2333993
,,2280191
,,3156628
,,2690792
,,2005571
,,1949169
,,2234460
,,1946396
,,1413187
,,3156776
,,2347878
,,2733494
,,2235845
,,1936815
,,3242290
,,3515172
,,2004601
,,2732657
,,1593048
,,1512774
,,1413398
,,2687333
,,3471171
,,2280499
,,3474021
,,1865364
,,2004228
,,2732237
,,2283039
,,1922847
,,3242896
,,3242257
,,3240605
,,2419721
,,2648626
,,2830754
,,2696410
,,1538290
,,3103237
,,2354201
,,3556757
,,3170556
,,2687012
,,2693223
,,1910532
,,1872924
,,3103511
,,3157225
,,1592275
,,1498242
,,2275909
,,1947141
,,2348904
,,1595884
,,2005755
,,3519963
,,2234449
,,1864746
,,2280217
,,2348225
,,2236577
,,2235355
,,2734425
,,3472351
,,1592452
,,1182941
,,1528723
,,2709195
,,3473281
,,2646511
,,1125992
,,3099100
,,2749568
,,2281153
,,3174866
,,1113104
,,1921245
,,2694557
,,2650259
,,1112786
,,3147230
,,1182161
,,1593804
,,3568777
,,1181800
,,2647709
,,1529348
,,1864465
,,2281733
,,2283311
,,2414408
,,2826209
,,1508120
,,3569616
,,2696398
,,1414744
,,3474269
,,1825662
,,3158364
,,1123891
,,1180397
,,3238555
,,2687047
,,1122651
,,1594759
,,2745551
,,2745087
,,2687914
,,3519153
,,3240079
,,1591085
,,2831136
,,2733790
,,1450528
,,2748972
,,3520219
,,2773921
,,1180954
,,3107882
,,1590591
,,3173454
,,3182741
,,1180105
,,1457184
,,3155638
,,1413160
,,2768495
,,1591949
,,1497419
,,2415382
,,3059574
,,2760113
,,1863198
,,2829865
,,2322020
,,2650113
,,3101478
,,1594761
,,1450633
,,3174275
,,2348793
,,1942269
,,2008115
,,3061724
,,2419093
,,2007966
,,1946240
,,3106549
,,3568758
,,1183034